epoch,accuracy,auc,auc_1,loss,precision,precision_1,recall,recall_1,val_accuracy,val_auc,val_auc_1,val_loss,val_precision,val_precision_1,val_recall,val_recall_1,val_weighted_accuracy,weighted_accuracy
0,0.7400484085083008,0.9258908629417419,0.9258908629417419,2.2611870765686035,0.76320481300354,0.76320481300354,0.7284814119338989,0.7284814119338989,0.7358666062355042,0.9301964044570923,0.9301964044570923,1.2945302724838257,0.7494115233421326,0.7494115233421326,0.7302256226539612,0.7302256226539612,0.7358666062355042,0.7400484085083008
1,0.8185710310935974,0.9685731530189514,0.9685731530189514,0.7127100229263306,0.8433694839477539,0.8433694839477539,0.8047969937324524,0.8047969937324524,0.7923381924629211,0.9571123719215393,0.9571123719215393,0.9054825305938721,0.8212032318115234,0.8212032318115234,0.7826679944992065,0.7826679944992065,0.7923381924629211,0.8185710310935974
2,0.8427952527999878,0.9747614860534668,0.9747614860534668,0.6503051519393921,0.8632346391677856,0.8632346391677856,0.8311218619346619,0.8311218619346619,0.7627696394920349,0.9420743584632874,0.9420743584632874,1.5186316967010498,0.7884076833724976,0.7884076833724976,0.7504339218139648,0.7504339218139648,0.7627696394920349,0.8427952527999878
3,0.8763793706893921,0.9855540990829468,0.9855540990829468,0.4493931531906128,0.8943348526954651,0.8943348526954651,0.8655835390090942,0.8655835390090942,0.7338829636573792,0.9481366872787476,0.9481366872787476,1.037941813468933,0.757294237613678,0.757294237613678,0.7175799608230591,0.7175799608230591,0.7338829636573792,0.8763793706893921
4,0.9019863605499268,0.9916698932647705,0.9916698932647705,0.30757275223731995,0.9173214435577393,0.9173214435577393,0.8909777402877808,0.8909777402877808,0.8125464916229248,0.9569334983825684,0.9569334983825684,0.9420677423477173,0.8323717713356018,0.8323717713356018,0.8049218654632568,0.8049218654632568,0.8125464916229248,0.9019863605499268
5,0.920068085193634,0.9942383170127869,0.9942383170127869,0.24546608328819275,0.9332824945449829,0.9332824945449829,0.9109474420547485,0.9109474420547485,0.8197991847991943,0.9567214250564575,0.9567214250564575,0.9391139149665833,0.8375303745269775,0.8375303745269775,0.8122985363006592,0.8122985363006592,0.8197991847991943,0.920068085193634
6,0.9097774624824524,0.9906131029129028,0.9906131029129028,0.31609851121902466,0.9200379252433777,0.9200379252433777,0.9028638005256653,0.9028638005256653,0.7972353100776672,0.9508714079856873,0.9508714079856873,1.0672909021377563,0.8112751245498657,0.8112751245498657,0.7903545498847961,0.7903545498847961,0.7972353100776672,0.9097774624824524
7,0.9418991208076477,0.9965440034866333,0.9965440034866333,0.17758247256278992,0.9510341882705688,0.9510341882705688,0.935304582118988,0.935304582118988,0.802380383014679,0.9503437876701355,0.9503437876701355,1.0419540405273438,0.814140796661377,0.814140796661377,0.7958715558052063,0.7958715558052063,0.802380383014679,0.9418991208076477
8,0.9307841658592224,0.9937818050384521,0.9937818050384521,0.23266778886318207,0.938912570476532,0.938912570476532,0.9257053136825562,0.9257053136825562,0.8269898295402527,0.9549893140792847,0.9549893140792847,0.9753797054290771,0.8345794081687927,0.8345794081687927,0.8234564661979675,0.8234564661979675,0.8269898295402527,0.9307841658592224
9,0.9454888701438904,0.9955454468727112,0.9955454468727112,0.18286463618278503,0.9535410404205322,0.9535410404205322,0.9408886432647705,0.9408886432647705,0.814406156539917,0.9502871036529541,0.9502871036529541,1.1200635433197021,0.8254269361495972,0.8254269361495972,0.8089511394500732,0.8089511394500732,0.814406156539917,0.9454888701438904
10,0.956816554069519,0.9970979690551758,0.9970979690551758,0.14124450087547302,0.9624136686325073,0.9624136686325073,0.9525354504585266,0.9525354504585266,0.8093230724334717,0.953852117061615,0.953852117061615,1.0133358240127563,0.8204138278961182,0.8204138278961182,0.8036821484565735,0.8036821484565735,0.8093230724334717,0.956816554069519
11,0.933203935623169,0.9941807985305786,0.9941807985305786,0.2186329960823059,0.9389355778694153,0.9389355778694153,0.9293482303619385,0.9293482303619385,0.8134763240814209,0.9535614848136902,0.9535614848136902,1.065004587173462,0.8257125020027161,0.8257125020027161,0.8082072734832764,0.8082072734832764,0.8134763240814209,0.933203935623169
12,0.9528013467788696,0.9961385726928711,0.9961385726928711,0.16190466284751892,0.9579944610595703,0.9579944610595703,0.9490786194801331,0.9490786194801331,0.8027523159980774,0.9441807866096497,0.9441807866096497,1.2329564094543457,0.8120471239089966,0.8120471239089966,0.7989090085029602,0.7989090085029602,0.8027523159980774,0.9528013467788696
13,0.9679580926895142,0.9972755908966064,0.9972755908966064,0.11972623318433762,0.9711021184921265,0.9711021184921265,0.9650596976280212,0.9650596976280212,0.8266798853874207,0.9457326531410217,0.9457326531410217,1.2224445343017578,0.8302757740020752,0.8302757740020752,0.8248202204704285,0.8248202204704285,0.8266798853874207,0.9679580926895142
14,0.959449052810669,0.995199978351593,0.995199978351593,0.16933664679527283,0.9630709886550903,0.9630709886550903,0.9569761157035828,0.9569761157035828,0.7892387509346008,0.936536431312561,0.936536431312561,1.3764580488204956,0.7989768981933594,0.7989768981933594,0.7842177152633667,0.7842177152633667,0.7892387509346008,0.959449052810669
15,0.9575079083442688,0.9960676431655884,0.9960676431655884,0.15062716603279114,0.9607061743736267,0.9607061743736267,0.9550349712371826,0.9550349712371826,0.8087031841278076,0.9475357532501221,0.9475357532501221,1.199811577796936,0.8190482258796692,0.8190482258796692,0.8044260144233704,0.8044260144233704,0.8087031841278076,0.9575079083442688
16,0.9684367179870605,0.9971715211868286,0.9971715211868286,0.11482473462820053,0.9709827303886414,0.9709827303886414,0.9663094878196716,0.9663094878196716,0.7886189222335815,0.9411294460296631,0.9411294460296631,1.262128472328186,0.7970758676528931,0.7970758676528931,0.7840317487716675,0.7840317487716675,0.7886189222335815,0.9684367179870605
17,0.9471108913421631,0.9934398531913757,0.9934398531913757,0.21259723603725433,0.9499879479408264,0.9499879479408264,0.9450368285179138,0.9450368285179138,0.8128564357757568,0.9448944330215454,0.9448944330215454,1.6584004163742065,0.8221816420555115,0.8221816420555115,0.8096950054168701,0.8096950054168701,0.8128564357757568,0.9471108913421631
18,0.9247214794158936,0.9868738651275635,0.9868738651275635,0.4001869261264801,0.9278209805488586,0.9278209805488586,0.9228866696357727,0.9228866696357727,0.8210389018058777,0.9401383399963379,0.9401383399963379,1.561929702758789,0.8247737884521484,0.8247737884521484,0.8193032741546631,0.8193032741546631,0.8210389018058777,0.9247214794158936
19,0.966522216796875,0.9961534142494202,0.9961534142494202,0.13041792809963226,0.9689218997955322,0.9689218997955322,0.9649799466133118,0.9649799466133118,0.7911604046821594,0.9413980841636658,0.9413980841636658,1.3397243022918701,0.7987920045852661,0.7987920045852661,0.787007212638855,0.787007212638855,0.7911604046821594,0.966522216796875
20,0.9748716950416565,0.9970515966415405,0.9970515966415405,0.1050768494606018,0.9765637516975403,0.9765637516975403,0.9739410281181335,0.9739410281181335,0.8162038326263428,0.9382162690162659,0.9382162690162659,1.5894166231155396,0.821403980255127,0.821403980255127,0.8131043910980225,0.8131043910980225,0.8162038326263428,0.9748716950416565
21,0.9601138234138489,0.9942300319671631,0.9942300319671631,0.1757461279630661,0.9622384905815125,0.9622384905815125,0.958784282207489,0.958784282207489,0.8093230724334717,0.9319560527801514,0.9319560527801514,1.6952520608901978,0.8130812048912048,0.8130812048912048,0.8075873851776123,0.8075873851776123,0.8093230724334717,0.9601138234138489
22,0.922966480255127,0.9847078323364258,0.9847078323364258,0.4380407929420471,0.9256983995437622,0.9256983995437622,0.9216369390487671,0.9216369390487671,0.8165137767791748,0.9396056532859802,0.9396056532859802,1.5196216106414795,0.820367157459259,0.820367157459259,0.8144681453704834,0.8144681453704834,0.8165137767791748,0.922966480255127
23,0.9669210314750671,0.9951698184013367,0.9951698184013367,0.1516323834657669,0.9686400294303894,0.9686400294303894,0.9658840298652649,0.9658840298652649,0.8102529048919678,0.9339202642440796,0.9339202642440796,1.990639090538025,0.8134230971336365,0.8134230971336365,0.8091371059417725,0.8091371059417725,0.8102529048919678,0.9669210314750671
24,0.9649533629417419,0.9953345060348511,0.9953345060348511,0.1511772871017456,0.9668124914169312,0.9668124914169312,0.9636504054069519,0.9636504054069519,0.8137242794036865,0.9336519241333008,0.9336519241333008,1.6617121696472168,0.8189266920089722,0.8189266920089722,0.8116166591644287,0.8116166591644287,0.8137242794036865,0.9649533629417419
25,0.9728507995605469,0.9961903691291809,0.9961903691291809,0.12322419136762619,0.9742516875267029,0.9742516875267029,0.9719201326370239,0.9719201326370239,0.8251921534538269,0.9383862614631653,0.9383862614631653,1.6476879119873047,0.8294844627380371,0.8294844627380371,0.823828399181366,0.823828399181366,0.8251921534538269,0.9728507995605469
26,0.979790985584259,0.9968064427375793,0.9968064427375793,0.09991110861301422,0.9810823202133179,0.9810823202133179,0.9790996313095093,0.9790996313095093,0.82444828748703,0.938605785369873,0.938605785369873,1.6195979118347168,0.8285571336746216,0.8285571336746216,0.8226506114006042,0.8226506114006042,0.82444828748703,0.979790985584259
27,0.9668944478034973,0.9948891401290894,0.9948891401290894,0.16377252340316772,0.9681046605110168,0.9681046605110168,0.9660967588424683,0.9660967588424683,0.8077113628387451,0.9317817091941833,0.9317817091941833,1.826411485671997,0.8126093745231628,0.8126093745231628,0.806161642074585,0.806161642074585,0.8077113628387451,0.9668944478034973
28,0.9761746525764465,0.9965172410011292,0.9965172410011292,0.11327481269836426,0.9770148396492004,0.9770148396492004,0.9754301309585571,0.9754301309585571,0.8191173076629639,0.9344673156738281,0.9344673156738281,1.8070850372314453,0.8224921822547913,0.8224921822547913,0.8183114528656006,0.8183114528656006,0.8191173076629639,0.9761746525764465
29,0.9708830714225769,0.9958720207214355,0.9958720207214355,0.13597799837589264,0.9723140001296997,0.9723140001296997,0.9702714681625366,0.9702714681625366,0.8202331066131592,0.9364451766014099,0.9364451766014099,1.7035726308822632,0.8254613876342773,0.8254613876342773,0.8179395198822021,0.8179395198822021,0.8202331066131592,0.9708830714225769
30,0.980562150478363,0.99688720703125,0.99688720703125,0.09997216612100601,0.9814869165420532,0.9814869165420532,0.9797644019126892,0.9797644019126892,0.8233944773674011,0.9353508949279785,0.9353508949279785,1.7757859230041504,0.8269302845001221,0.8269302845001221,0.8219067454338074,0.8219067454338074,0.8233944773674011,0.980562150478363
31,0.9559656381607056,0.9921427369117737,0.9921427369117737,0.2327263206243515,0.9574558734893799,0.9574558734893799,0.9550881385803223,0.9550881385803223,0.8057897090911865,0.9333051443099976,0.9333051443099976,1.8175406455993652,0.8106065392494202,0.8106065392494202,0.8044260144233704,0.8044260144233704,0.8057897090911865,0.9559656381607056
32,0.9626399278640747,0.9941372275352478,0.9941372275352478,0.1746336817741394,0.9636446237564087,0.9636446237564087,0.9620815515518188,0.9620815515518188,0.8202950954437256,0.9382364749908447,0.9382364749908447,1.7072943449020386,0.8252093195915222,0.8252093195915222,0.8185594081878662,0.8185594081878662,0.8202950954437256,0.9626399278640747
33,0.9720796942710876,0.9951387643814087,0.9951387643814087,0.14706258475780487,0.9731997847557068,0.9731997847557068,0.9713882803916931,0.9713882803916931,0.8228985667228699,0.9271388053894043,0.9271388053894043,2.3335020542144775,0.8243444561958313,0.8243444561958313,0.8224026560783386,0.8224026560783386,0.8228985667228699,0.9720796942710876
34,0.9758023619651794,0.9958178997039795,0.9958178997039795,0.12449168413877487,0.9766178131103516,0.9766178131103516,0.9751375913619995,0.9751375913619995,0.8089511394500732,0.9289472103118896,0.9289472103118896,1.9755414724349976,0.813241720199585,0.813241720199585,0.807091474533081,0.807091474533081,0.8089511394500732,0.9758023619651794
35,0.9771584868431091,0.9963344931602478,0.9963344931602478,0.11666630208492279,0.9781375527381897,0.9781375527381897,0.9767330288887024,0.9767330288887024,0.8206049799919128,0.9264233708381653,0.9264233708381653,2.421790838241577,0.8222097754478455,0.8222097754478455,0.8201711177825928,0.8201711177825928,0.8206049799919128,0.9771584868431091
36,0.9671603441238403,0.993877649307251,0.993877649307251,0.17869369685649872,0.9680485725402832,0.9680485725402832,0.9667615294456482,0.9667615294456482,0.8229605555534363,0.932680070400238,0.932680070400238,2.0681660175323486,0.8257023692131042,0.8257023692131042,0.8216587901115417,0.8216587901115417,0.8229605555534363,0.9671603441238403
37,0.9717074036598206,0.9944695234298706,0.9944695234298706,0.15554895997047424,0.9723427295684814,0.9723427295684814,0.9713085293769836,0.9713085293769836,0.8106248378753662,0.9221192002296448,0.9221192002296448,2.491525173187256,0.8123989701271057,0.8123989701271057,0.8098809719085693,0.8098809719085693,0.8106248378753662,0.9717074036598206
38,0.9649799466133118,0.9941855669021606,0.9941855669021606,0.1671285182237625,0.9660122990608215,0.9660122990608215,0.9643683433532715,0.9643683433532715,0.8152740001678467,0.9247859120368958,0.9247859120368958,2.5288424491882324,0.8166780471801758,0.8166780471801758,0.814096212387085,0.814096212387085,0.8152740001678467,0.9649799466133118
39,0.974020779132843,0.9957082271575928,0.9957082271575928,0.1372523158788681,0.9749647378921509,0.9749647378921509,0.9734092354774475,0.9734092354774475,0.8131043910980225,0.930975615978241,0.930975615978241,1.9359022378921509,0.8177220225334167,0.8177220225334167,0.8117406368255615,0.8117406368255615,0.8131043910980225,0.974020779132843
40,0.9830882549285889,0.9969097375869751,0.9969097375869751,0.09916820377111435,0.9836047887802124,0.9836047887802124,0.982689380645752,0.982689380645752,0.8219687342643738,0.9288423657417297,0.9288423657417297,2.3314435482025146,0.8235549926757812,0.8235549926757812,0.8214108347892761,0.8214108347892761,0.8219687342643738,0.9830882549285889
41,0.9438668489456177,0.9866155982017517,0.9866155982017517,0.37837639451026917,0.9449934959411621,0.9449934959411621,0.9433349967002869,0.9433349967002869,0.8178775310516357,0.92889404296875,0.92889404296875,2.1899189949035645,0.82126384973526,0.82126384973526,0.8168857097625732,0.8168857097625732,0.8178775310516357,0.9438668489456177
42,0.9701651334762573,0.9947423934936523,0.9947423934936523,0.1608721762895584,0.9708748459815979,0.9708748459815979,0.9697130918502808,0.9697130918502808,0.8190553188323975,0.9315493106842041,0.9315493106842041,2.1417391300201416,0.8216310739517212,0.8216310739517212,0.8175055980682373,0.8175055980682373,0.8190553188323975,0.9701651334762573
43,0.9802164435386658,0.9963725805282593,0.9963725805282593,0.11437363922595978,0.980910062789917,0.980910062789917,0.9796580672264099,0.9796580672264099,0.8223406672477722,0.931336522102356,0.931336522102356,2.140413761138916,0.8249797821044922,0.8249797821044922,0.8213488459587097,0.8213488459587097,0.8223406672477722,0.9802164435386658
44,0.9816523790359497,0.9964606165885925,0.9964606165885925,0.10870233178138733,0.9819865226745605,0.9819865226745605,0.9813598394393921,0.9813598394393921,0.8147780895233154,0.9271047115325928,0.9271047115325928,2.2848939895629883,0.8170617818832397,0.8170617818832397,0.8139722347259521,0.8139722347259521,0.8147780895233154,0.9816523790359497
45,0.9793123602867126,0.9956068992614746,0.9956068992614746,0.13953903317451477,0.9796966314315796,0.9796966314315796,0.97899329662323,0.97899329662323,0.8034341931343079,0.9244222044944763,0.9244222044944763,2.4018306732177734,0.8065922856330872,0.8065922856330872,0.8024423718452454,0.8024423718452454,0.8034341931343079,0.9793123602867126
46,0.9682771563529968,0.993774950504303,0.993774950504303,0.17907065153121948,0.9687533378601074,0.9687533378601074,0.9678517580032349,0.9678517580032349,0.8211008906364441,0.9290731549263,0.9290731549263,2.443368434906006,0.8233903646469116,0.8233903646469116,0.82048100233078,0.82048100233078,0.8211008906364441,0.9682771563529968
47,0.9744462370872498,0.9946911931037903,0.9946911931037903,0.16035400331020355,0.9749853610992432,0.9749853610992432,0.9742335081100464,0.9742335081100464,0.8149020671844482,0.9257145524024963,0.9257145524024963,2.642380952835083,0.8164852261543274,0.8164852261543274,0.8136003017425537,0.8136003017425537,0.8149020671844482,0.9744462370872498
48,0.9808546304702759,0.9959140419960022,0.9959140419960022,0.1182183101773262,0.9813193678855896,0.9813193678855896,0.9805887341499329,0.9805887341499329,0.8265559077262878,0.9296073913574219,0.9296073913574219,2.4286539554595947,0.8276911377906799,0.8276911377906799,0.8259980082511902,0.8259980082511902,0.8265559077262878,0.9808546304702759
49,0.9795516729354858,0.9963321685791016,0.9963321685791016,0.11462350189685822,0.9799643158912659,0.9799643158912659,0.9793389439582825,0.9793389439582825,0.8202331066131592,0.9283214211463928,0.9283214211463928,2.339977264404297,0.8223356604576111,0.8223356604576111,0.8188693523406982,0.8188693523406982,0.8202331066131592,0.9795516729354858
50,0.9836998581886292,0.9960376620292664,0.9960376620292664,0.1212107464671135,0.9840095639228821,0.9840095639228821,0.9834339618682861,0.9834339618682861,0.8271138072013855,0.9270254373550415,0.9270254373550415,2.5746676921844482,0.8278709053993225,0.8278709053993225,0.8267418742179871,0.8267418742179871,0.8271138072013855,0.9836998581886292
51,0.9823171496391296,0.9955900311470032,0.9955900311470032,0.12631423771381378,0.9826531410217285,0.9826531410217285,0.9821044206619263,0.9821044206619263,0.8213488459587097,0.9239640831947327,0.9239640831947327,2.8780624866485596,0.8217299580574036,0.8217299580574036,0.8209149241447449,0.8209149241447449,0.8213488459587097,0.9823171496391296
52,0.9675060510635376,0.9926132559776306,0.9926132559776306,0.21847569942474365,0.9679857492446899,0.9679857492446899,0.9672135710716248,0.9672135710716248,0.7985370755195618,0.9153205156326294,0.9153205156326294,3.025782585144043,0.8014820218086243,0.8014820218086243,0.7978551983833313,0.7978551983833313,0.7985370755195618,0.9675060510635376
53,0.9813598394393921,0.9961022734642029,0.9961022734642029,0.12181198596954346,0.981692373752594,0.981692373752594,0.9809876084327698,0.9809876084327698,0.82004714012146,0.9243240356445312,0.9243240356445312,2.6661882400512695,0.8215550780296326,0.8215550780296326,0.8193652629852295,0.8193652629852295,0.82004714012146,0.9813598394393921
54,0.9796048402786255,0.9957810640335083,0.9957810640335083,0.13585732877254486,0.9799122214317322,0.9799122214317322,0.9793389439582825,0.9793389439582825,0.8187453746795654,0.9258322715759277,0.9258322715759277,2.5169966220855713,0.8206802010536194,0.8206802010536194,0.8181874752044678,0.8181874752044678,0.8187453746795654,0.9796048402786255
55,0.9466322660446167,0.9857282638549805,0.9857282638549805,0.3911578953266144,0.9472647309303284,0.9472647309303284,0.94620680809021,0.94620680809021,0.80132657289505,0.9194230437278748,0.9194230437278748,2.7380354404449463,0.802810788154602,0.802810788154602,0.8002727627754211,0.8002727627754211,0.80132657289505,0.9466322660446167
56,0.9798707962036133,0.9954444766044617,0.9954444766044617,0.13853609561920166,0.9802836179733276,0.9802836179733276,0.9796580672264099,0.9796580672264099,0.8204190135002136,0.9226102232933044,0.9226102232933044,2.7221155166625977,0.8223880529403687,0.8223880529403687,0.8197371959686279,0.8197371959686279,0.8204190135002136,0.9798707962036133
57,0.9812800884246826,0.9957403540611267,0.9957403540611267,0.12967808544635773,0.9815366864204407,0.9815366864204407,0.9810407757759094,0.9810407757759094,0.8240763545036316,0.9235734939575195,0.9235734939575195,2.817295789718628,0.8254086375236511,0.8254086375236511,0.8232085108757019,0.8232085108757019,0.8240763545036316,0.9812800884246826
58,0.9832478165626526,0.9961362481117249,0.9961362481117249,0.11619513481855392,0.9833488464355469,0.9833488464355469,0.9830350875854492,0.9830350875854492,0.8168237209320068,0.9240477085113525,0.9240477085113525,2.5979151725769043,0.8186908960342407,0.8186908960342407,0.8156459331512451,0.8156459331512451,0.8168237209320068,0.9832478165626526
59,0.9753503203392029,0.9950519800186157,0.9950519800186157,0.15258362889289856,0.9757311344146729,0.9757311344146729,0.9750046730041504,0.9750046730041504,0.8120505809783936,0.9219969511032104,0.9219969511032104,2.8876519203186035,0.8139028549194336,0.8139028549194336,0.8114306926727295,0.8114306926727295,0.8120505809783936,0.9753503203392029
60,0.981758713722229,0.9960916638374329,0.9960916638374329,0.125376895070076,0.982042133808136,0.982042133808136,0.9815459847450256,0.9815459847450256,0.8263079524040222,0.9255239963531494,0.9255239963531494,2.7908825874328613,0.8271965384483337,0.8271965384483337,0.825812041759491,0.825812041759491,0.8263079524040222,0.981758713722229
61,0.9836998581886292,0.9964332580566406,0.9964332580566406,0.11206460744142532,0.983828067779541,0.983828067779541,0.9835402965545654,0.9835402965545654,0.7922142148017883,0.916979193687439,0.916979193687439,2.635619878768921,0.7948957085609436,0.7948957085609436,0.7915943264961243,0.7915943264961243,0.7922142148017883,0.9836998581886292
62,0.9829021096229553,0.9957528114318848,0.9957528114318848,0.13989269733428955,0.9831324815750122,0.9831324815750122,0.9826096296310425,0.9826096296310425,0.8142821788787842,0.9222213625907898,0.9222213625907898,2.78674054145813,0.815650463104248,0.815650463104248,0.8134763240814209,0.8134763240814209,0.8142821788787842,0.9829021096229553
63,0.9811205267906189,0.9959051609039307,0.9959051609039307,0.1339726746082306,0.9814031720161438,0.9814031720161438,0.9808812141418457,0.9808812141418457,0.8196752071380615,0.9203721880912781,0.9203721880912781,3.106630802154541,0.8207101821899414,0.8207101821899414,0.8194892406463623,0.8194892406463623,0.8196752071380615,0.9811205267906189
64,0.9780359864234924,0.994968831539154,0.994968831539154,0.15905527770519257,0.9782388806343079,0.9782388806343079,0.9777966737747192,0.9777966737747192,0.8278576731681824,0.9266537427902222,0.9266537427902222,2.5800914764404297,0.8289228677749634,0.8289228677749634,0.8271757960319519,0.8271757960319519,0.8278576731681824,0.9780359864234924
65,0.9797112345695496,0.9957703948020935,0.9957703948020935,0.13756929337978363,0.9799148440361023,0.9799148440361023,0.9794719219207764,0.9794719219207764,0.7966154217720032,0.9164984822273254,0.9164984822273254,2.9456512928009033,0.7991657853126526,0.7991657853126526,0.7957475781440735,0.7957475781440735,0.7966154217720032,0.9797112345695496
66,0.9588640332221985,0.9894285202026367,0.9894285202026367,0.32218703627586365,0.9594324827194214,0.9594324827194214,0.9584119915962219,0.9584119915962219,0.8184354305267334,0.9234116673469543,0.9234116673469543,2.8221099376678467,0.8189039826393127,0.8189039826393127,0.8179395198822021,0.8179395198822021,0.8184354305267334,0.9588640332221985
67,0.9855877757072449,0.9961358308792114,0.9961358308792114,0.10787142813205719,0.9858487844467163,0.9858487844467163,0.9855080246925354,0.9855080246925354,0.8216587901115417,0.9251735806465149,0.9251735806465149,2.607229232788086,0.8242141008377075,0.8242141008377075,0.8207909464836121,0.8207909464836121,0.8216587901115417,0.9855877757072449
68,0.980056881904602,0.995500385761261,0.995500385761261,0.14586324989795685,0.9803159832954407,0.9803159832954407,0.9799771308898926,0.9799771308898926,0.8230845332145691,0.9255565404891968,0.9255565404891968,2.866640567779541,0.8239458203315735,0.8239458203315735,0.822464644908905,0.822464644908905,0.8230845332145691,0.980056881904602
69,0.9835668802261353,0.9960023164749146,0.9960023164749146,0.12951895594596863,0.9837997555732727,0.9837997555732727,0.9834073185920715,0.9834073185920715,0.8057897090911865,0.9196140170097351,0.9196140170097351,2.9833145141601562,0.8073839545249939,0.8073839545249939,0.8052318096160889,0.8052318096160889,0.8057897090911865,0.9835668802261353
70,0.9835668802261353,0.9958423376083374,0.9958423376083374,0.1290261149406433,0.9837753176689148,0.9837753176689148,0.9835137128829956,0.9835137128829956,0.8043020367622375,0.9115675687789917,0.9115675687789917,3.7093372344970703,0.8045178055763245,0.8045178055763245,0.8036201596260071,0.8036201596260071,0.8043020367622375,0.9835668802261353
71,0.9775839447975159,0.9945432543754578,0.9945432543754578,0.16235367953777313,0.9777588844299316,0.9777588844299316,0.9772648811340332,0.9772648811340332,0.8139722347259521,0.9214703440666199,0.9214703440666199,2.970555067062378,0.815058708190918,0.815058708190918,0.8132903575897217,0.8132903575897217,0.8139722347259521,0.9775839447975159
72,0.9805355668067932,0.9954828023910522,0.9954828023910522,0.14151927828788757,0.9807160496711731,0.9807160496711731,0.9804291725158691,0.9804291725158691,0.8105628490447998,0.9156677722930908,0.9156677722930908,3.2584807872772217,0.8114672899246216,0.8114672899246216,0.8097569942474365,0.8097569942474365,0.8105628490447998,0.9805355668067932
73,0.9816257357597351,0.995582640171051,0.995582640171051,0.13662667572498322,0.981805145740509,0.981805145740509,0.9814396500587463,0.9814396500587463,0.8207289576530457,0.9177597165107727,0.9177597165107727,3.433286428451538,0.8212224841117859,0.8212224841117859,0.8203570246696472,0.8203570246696472,0.8207289576530457,0.9816257357597351
74,0.979790985584259,0.9955563545227051,0.9955563545227051,0.14391890168190002,0.9800739288330078,0.9800739288330078,0.9796048402786255,0.9796048402786255,0.8118646144866943,0.9156780242919922,0.9156780242919922,3.3050153255462646,0.8133507370948792,0.8133507370948792,0.8111827373504639,0.8111827373504639,0.8118646144866943,0.979790985584259
75,0.9817321300506592,0.9957331418991089,0.9957331418991089,0.14013661444187164,0.9820430874824524,0.9820430874824524,0.9815991520881653,0.9815991520881653,0.813042402267456,0.918992280960083,0.918992280960083,3.035961627960205,0.8143638372421265,0.8143638372421265,0.8125464916229248,0.8125464916229248,0.813042402267456,0.9817321300506592
76,0.9854548573493958,0.9961879849433899,0.9961879849433899,0.11952101439237595,0.9856899380683899,0.9856899380683899,0.9854016304016113,0.9854016304016113,0.8155219554901123,0.9205225706100464,0.9205225706100464,3.001816987991333,0.8163468241691589,0.8163468241691589,0.8147780895233154,0.8147780895233154,0.8155219554901123,0.9854548573493958
77,0.9818384647369385,0.9955207109451294,0.9955207109451294,0.1435060352087021,0.9820203185081482,0.9820203185081482,0.9817852973937988,0.9817852973937988,0.8131663799285889,0.9184457659721375,0.9184457659721375,3.036386013031006,0.8146123290061951,0.8146123290061951,0.8127944469451904,0.8127944469451904,0.8131663799285889,0.9818384647369385
78,0.9844975471496582,0.995829164981842,0.995829164981842,0.13285872340202332,0.9846792221069336,0.9846792221069336,0.9843912124633789,0.9843912124633789,0.7609099745750427,0.9001556634902954,0.9001556634902954,3.430483818054199,0.762645423412323,0.762645423412323,0.7598561644554138,0.7598561644554138,0.7609099745750427,0.9844975471496582
79,0.9808014631271362,0.9953371286392212,0.9953371286392212,0.15418551862239838,0.9810070991516113,0.9810070991516113,0.9806419014930725,0.9806419014930725,0.8171956539154053,0.9192981123924255,0.9192981123924255,3.2513368129730225,0.8190351724624634,0.8190351724624634,0.816699743270874,0.816699743270874,0.8171956539154053,0.9808014631271362
80,0.9696599245071411,0.9919260144233704,0.9919260144233704,0.23080389201641083,0.9700162410736084,0.9700162410736084,0.9695003628730774,0.9695003628730774,0.810438871383667,0.9186888337135315,0.9186888337135315,3.1331472396850586,0.8114708065986633,0.8114708065986633,0.8095090389251709,0.8095090389251709,0.810438871383667,0.9696599245071411
81,0.9805355668067932,0.9949299693107605,0.9949299693107605,0.15523232519626617,0.9807666540145874,0.9807666540145874,0.9803494215011597,0.9803494215011597,0.8233944773674011,0.9205750226974487,0.9205750226974487,3.41951322555542,0.8241976499557495,0.8241976499557495,0.8230225443840027,0.8230225443840027,0.8233944773674011,0.9805355668067932
82,0.9814130067825317,0.9949048757553101,0.9949048757553101,0.15803326666355133,0.9815937876701355,0.9815937876701355,0.9813066720962524,0.9813066720962524,0.8100669384002686,0.9193881750106812,0.9193881750106812,3.0539302825927734,0.8115293979644775,0.8115293979644775,0.8098189830780029,0.8098189830780029,0.8100669384002686,0.9814130067825317
83,0.9808812141418457,0.9953165054321289,0.9953165054321289,0.14150011539459229,0.9812450408935547,0.9812450408935547,0.9808014631271362,0.9808014631271362,0.818993330001831,0.9214350581169128,0.9214350581169128,3.252223014831543,0.8197280764579773,0.8197280764579773,0.8185594081878662,0.8185594081878662,0.818993330001831,0.9808812141418457
84,0.9839125871658325,0.9959826469421387,0.9959826469421387,0.137605220079422,0.9840404391288757,0.9840404391288757,0.983726441860199,0.983726441860199,0.8268658518791199,0.9220463037490845,0.9220463037490845,3.330993175506592,0.8276718854904175,0.8276718854904175,0.8261839747428894,0.8261839747428894,0.8268658518791199,0.9839125871658325
85,0.9770521521568298,0.9943689107894897,0.9943689107894897,0.17440402507781982,0.9772835969924927,0.9772835969924927,0.9769457578659058,0.9769457578659058,0.8222166895866394,0.9204612374305725,0.9204612374305725,3.684849977493286,0.8226827383041382,0.8226827383041382,0.8219687342643738,0.8219687342643738,0.8222166895866394,0.9770521521568298
86,0.9860132336616516,0.9961385726928711,0.9961385726928711,0.12630879878997803,0.9862485527992249,0.9862485527992249,0.985960066318512,0.985960066318512,0.8168857097625732,0.9206861853599548,0.9206861853599548,3.095740556716919,0.8180293440818787,0.8180293440818787,0.8162038326263428,0.8162038326263428,0.8168857097625732,0.9860132336616516
87,0.9753769040107727,0.9941610097885132,0.9941610097885132,0.18354709446430206,0.9757116436958313,0.9757116436958313,0.9752705693244934,0.9752705693244934,0.8119266033172607,0.9168077111244202,0.9168077111244202,3.4782776832580566,0.8130550980567932,0.8130550980567932,0.8114926815032959,0.8114926815032959,0.8119266033172607,0.9753769040107727
88,0.9847368597984314,0.9957875609397888,0.9957875609397888,0.1361975222826004,0.9848408102989197,0.9848408102989197,0.9846836924552917,0.9846836924552917,0.8179395198822021,0.9215908646583557,0.9215908646583557,3.0468597412109375,0.8191760182380676,0.8191760182380676,0.8171956539154053,0.8171956539154053,0.8179395198822021,0.9847368597984314
89,0.9826096296310425,0.9954618215560913,0.9954618215560913,0.14144791662693024,0.9827646017074585,0.9827646017074585,0.9825032353401184,0.9825032353401184,0.8057897090911865,0.9127696752548218,0.9127696752548218,3.6038601398468018,0.8075345158576965,0.8075345158576965,0.8052318096160889,0.8052318096160889,0.8057897090911865,0.9826096296310425
90,0.9821044206619263,0.9949982166290283,0.9949982166290283,0.15261410176753998,0.9822065234184265,0.9822065234184265,0.9819714426994324,0.9819714426994324,0.8240143656730652,0.918110191822052,0.918110191822052,3.6623075008392334,0.8246757388114929,0.8246757388114929,0.8237044215202332,0.8237044215202332,0.8240143656730652,0.9821044206619263
91,0.9784348607063293,0.9946485161781311,0.9946485161781311,0.17551665008068085,0.9788224697113037,0.9788224697113037,0.9783018827438354,0.9783018827438354,0.8144681453704834,0.9170811772346497,0.9170811772346497,3.5973060131073,0.8151803016662598,0.8151803016662598,0.8142201900482178,0.8142201900482178,0.8144681453704834,0.9784348607063293
92,0.9831945896148682,0.9952792525291443,0.9952792525291443,0.15400430560112,0.9834539294242859,0.9834539294242859,0.983061671257019,0.983061671257019,0.8213488459587097,0.9200619459152222,0.9200619459152222,3.4666216373443604,0.8222732543945312,0.8222732543945312,0.8211008906364441,0.8211008906364441,0.8213488459587097,0.9831945896148682
93,0.9816523790359497,0.9952042698860168,0.9952042698860168,0.1512095034122467,0.9817799925804138,0.9817799925804138,0.981492817401886,0.981492817401886,0.8054177761077881,0.9076347947120667,0.9076347947120667,4.091097354888916,0.8059071898460388,0.8059071898460388,0.805107831954956,0.805107831954956,0.8054177761077881,0.9816523790359497
94,0.9828489422798157,0.9953818321228027,0.9953818321228027,0.14703944325447083,0.9829778075218201,0.9829778075218201,0.9827425479888916,0.9827425479888916,0.818373441696167,0.9173181056976318,0.9173181056976318,4.059650897979736,0.8189885020256042,0.8189885020256042,0.8181254863739014,0.8181254863739014,0.818373441696167,0.9828489422798157
95,0.9819714426994324,0.9955083727836609,0.9955083727836609,0.13900448381900787,0.982073962688446,0.982073962688446,0.9818651080131531,0.9818651080131531,0.8180015087127686,0.9166054725646973,0.9166054725646973,3.701686143875122,0.8190062046051025,0.8190062046051025,0.8173816204071045,0.8173816204071045,0.8180015087127686,0.9819714426994324
96,0.9824234843254089,0.9954490661621094,0.9954490661621094,0.14614033699035645,0.9826054573059082,0.9826054573059082,0.9823703169822693,0.9823703169822693,0.8036821484565735,0.9123518466949463,0.9123518466949463,3.8891327381134033,0.8045691847801208,0.8045691847801208,0.8033722043037415,0.8033722043037415,0.8036821484565735,0.9824234843254089
97,0.97048419713974,0.9915884733200073,0.9915884733200073,0.29324352741241455,0.9706875681877136,0.9706875681877136,0.9703778624534607,0.9703778624534607,0.806471586227417,0.912667453289032,0.912667453289032,4.248500823974609,0.8073007464408875,0.8073007464408875,0.8060996532440186,0.8060996532440186,0.806471586227417,0.97048419713974
98,0.9794719219207764,0.9945287108421326,0.9945287108421326,0.169718399643898,0.9797318577766418,0.9797318577766418,0.9794453382492065,0.9794453382492065,0.82444828748703,0.9187255501747131,0.9187255501747131,3.8383941650390625,0.8249379396438599,0.8249379396438599,0.8243243098258972,0.8243243098258972,0.82444828748703,0.9794719219207764
99,0.9879543781280518,0.996478796005249,0.996478796005249,0.1142144724726677,0.9880322217941284,0.9880322217941284,0.9878746271133423,0.9878746271133423,0.8156459331512451,0.9188780188560486,0.9188780188560486,3.4615530967712402,0.816516637802124,0.816516637802124,0.8151500225067139,0.8151500225067139,0.8156459331512451,0.9879543781280518
100,0.985029399394989,0.9959521889686584,0.9959521889686584,0.13120870292186737,0.9850805997848511,0.9850805997848511,0.9849495887756348,0.9849495887756348,0.8202950954437256,0.9179653525352478,0.9179653525352478,3.638965606689453,0.8209233283996582,0.8209233283996582,0.8201091289520264,0.8201091289520264,0.8202950954437256,0.985029399394989
101,0.980189859867096,0.9947704672813416,0.9947704672813416,0.17191651463508606,0.980292558670044,0.980292558670044,0.9801101088523865,0.9801101088523865,0.8243862986564636,0.9151120781898499,0.9151120781898499,4.432875633239746,0.8248356580734253,0.8248356580734253,0.8243243098258972,0.8243243098258972,0.8243862986564636,0.980189859867096
102,0.9842050671577454,0.9955676794052124,0.9955676794052124,0.1469656378030777,0.9843063950538635,0.9843063950538635,0.983992338180542,0.983992338180542,0.8265559077262878,0.9193065762519836,0.9193065762519836,3.9033429622650146,0.8271712064743042,0.8271712064743042,0.8265559077262878,0.8265559077262878,0.8265559077262878,0.9842050671577454
103,0.9868907332420349,0.996140718460083,0.996140718460083,0.13078992068767548,0.986968457698822,0.986968457698822,0.9868109822273254,0.9868109822273254,0.8129184246063232,0.9177024960517883,0.9177024960517883,3.4293112754821777,0.8139246106147766,0.8139246106147766,0.8123605251312256,0.8123605251312256,0.8129184246063232,0.9868907332420349
104,0.980056881904602,0.9938989877700806,0.9938989877700806,0.20432648062705994,0.9801324605941772,0.9801324605941772,0.9799239635467529,0.9799239635467529,0.7988470196723938,0.9033960700035095,0.9033960700035095,4.965535640716553,0.7994664311408997,0.7994664311408997,0.798723042011261,0.798723042011261,0.7988470196723938,0.980056881904602
105,0.9759353399276733,0.993293821811676,0.993293821811676,0.2116161435842514,0.9761430025100708,0.9761430025100708,0.9759353399276733,0.9759353399276733,0.8193652629852295,0.9140662550926208,0.9140662550926208,4.103589057922363,0.8202359080314636,0.8202359080314636,0.8191173076629639,0.8191173076629639,0.8193652629852295,0.9759353399276733
106,0.9868109822273254,0.9962877631187439,0.9962877631187439,0.12501417100429535,0.9868364930152893,0.9868364930152893,0.986757755279541,0.986757755279541,0.8031862378120422,0.9145077466964722,0.9145077466964722,3.5393729209899902,0.8037511110305786,0.8037511110305786,0.8022564053535461,0.8022564053535461,0.8031862378120422,0.9868109822273254
107,0.9858005046844482,0.9960923790931702,0.9960923790931702,0.1301664412021637,0.9858263731002808,0.9858263731002808,0.9857739210128784,0.9857739210128784,0.8159558773040771,0.9164255261421204,0.9164255261421204,3.8380727767944336,0.8164721727371216,0.8164721727371216,0.8154599666595459,0.8154599666595459,0.8159558773040771,0.9858005046844482
108,0.982689380645752,0.9954156279563904,0.9954156279563904,0.14937934279441833,0.9827907085418701,0.9827907085418701,0.9825032353401184,0.9825032353401184,0.8222786784172058,0.9181709289550781,0.9181709289550781,3.9048967361450195,0.8230363130569458,0.8230363130569458,0.8216587901115417,0.8216587901115417,0.8222786784172058,0.982689380645752
109,0.976759672164917,0.99342942237854,0.99342942237854,0.2105160802602768,0.9768610596656799,0.9768610596656799,0.9766532778739929,0.9766532778739929,0.8219687342643738,0.9171200394630432,0.9171200394630432,4.012945175170898,0.8226897716522217,0.8226897716522217,0.8217207789421082,0.8217207789421082,0.8219687342643738,0.976759672164917
110,0.9862791299819946,0.9959946870803833,0.9959946870803833,0.13927537202835083,0.9864099621772766,0.9864099621772766,0.9862525463104248,0.9862525463104248,0.802690327167511,0.9109063744544983,0.9109063744544983,4.007690906524658,0.8036657571792603,0.8036657571792603,0.8018224835395813,0.8018224835395813,0.802690327167511,0.9862791299819946
111,0.9881139397621155,0.9964138269424438,0.9964138269424438,0.12643694877624512,0.9882450103759766,0.9882450103759766,0.9880872964859009,0.9880872964859009,0.8163278102874756,0.9183094501495361,0.9183094501495361,3.6898770332336426,0.8169013857841492,0.8169013857841492,0.8161418437957764,0.8161418437957764,0.8163278102874756,0.9881139397621155
112,0.9848964214324951,0.995741605758667,0.995741605758667,0.15239985287189484,0.985027015209198,0.985027015209198,0.9848698377609253,0.9848698377609253,0.8239523768424988,0.9196265339851379,0.9196265339851379,3.6839818954467773,0.8247857689857483,0.8247857689857483,0.8234564661979675,0.8234564661979675,0.8239523768424988,0.9848964214324951
113,0.9791262149810791,0.9939672946929932,0.9939672946929932,0.19347986578941345,0.9792292714118958,0.9792292714118958,0.9790730476379395,0.9790730476379395,0.816699743270874,0.9165568947792053,0.9165568947792053,3.8761355876922607,0.8174652457237244,0.8174652457237244,0.8164517879486084,0.8164517879486084,0.816699743270874,0.9791262149810791
114,0.987263023853302,0.9959350228309631,0.9959350228309631,0.14073283970355988,0.9873673319816589,0.9873673319816589,0.9872098565101624,0.9872098565101624,0.8131663799285889,0.9173031449317932,0.9173031449317932,3.663544178009033,0.8138149380683899,0.8138149380683899,0.8128564357757568,0.8128564357757568,0.8131663799285889,0.987263023853302
115,0.9838061928749084,0.9953975677490234,0.9953975677490234,0.15638624131679535,0.9840138554573059,0.9840138554573059,0.9836998581886292,0.9836998581886292,0.8233944773674011,0.9181167483329773,0.9181167483329773,3.893228769302368,0.8241062760353088,0.8241062760353088,0.8230845332145691,0.8230845332145691,0.8233944773674011,0.9838061928749084
116,0.9826096296310425,0.9948187470436096,0.9948187470436096,0.1671593338251114,0.9827636480331421,0.9827636480331421,0.9824500679969788,0.9824500679969788,0.8184974193572998,0.9168750643730164,0.9168750643730164,3.841172695159912,0.8187906742095947,0.8187906742095947,0.8184354305267334,0.8184354305267334,0.8184974193572998,0.9826096296310425
117,0.9820511937141418,0.994759738445282,0.994759738445282,0.16798676550388336,0.9821542501449585,0.9821542501449585,0.9819714426994324,0.9819714426994324,0.8141582012176514,0.9160961508750916,0.9160961508750916,4.0280680656433105,0.8148539066314697,0.8148539066314697,0.814096212387085,0.814096212387085,0.8141582012176514,0.9820511937141418
118,0.9840720891952515,0.9951476454734802,0.9951476454734802,0.1574668288230896,0.9841235876083374,0.9841235876083374,0.9840189218521118,0.9840189218521118,0.8253161311149597,0.9196330904960632,0.9196330904960632,3.7649221420288086,0.8258064389228821,0.8258064389228821,0.8251921534538269,0.8251921534538269,0.8253161311149597,0.9840720891952515
119,0.9875023365020752,0.9962214827537537,0.9962214827537537,0.13614919781684875,0.9876067042350769,0.9876067042350769,0.9874491691589355,0.9874491691589355,0.8070294857025146,0.910970151424408,0.910970151424408,4.130057334899902,0.8085383772850037,0.8085383772850037,0.8065335750579834,0.8065335750579834,0.8070294857025146,0.9875023365020752
120,0.985561192035675,0.9957336783409119,0.9957336783409119,0.1409444957971573,0.9856899380683899,0.9856899380683899,0.9854016304016113,0.9854016304016113,0.8232085108757019,0.9164533019065857,0.9164533019065857,4.221590518951416,0.8235549330711365,0.8235549330711365,0.8231465220451355,0.8231465220451355,0.8232085108757019,0.985561192035675
121,0.982024610042572,0.9947656989097595,0.9947656989097595,0.1658124476671219,0.9821290969848633,0.9821290969848633,0.982024610042572,0.982024610042572,0.8168857097625732,0.9160249829292297,0.9160249829292297,3.932401180267334,0.817865788936615,0.817865788936615,0.816699743270874,0.816699743270874,0.8168857097625732,0.982024610042572
122,0.9850825667381287,0.9956992268562317,0.9956992268562317,0.14785709977149963,0.9851861596107483,0.9851861596107483,0.9850028157234192,0.9850028157234192,0.8157699108123779,0.9167687296867371,0.9167687296867371,3.7577264308929443,0.8164101243019104,0.8164101243019104,0.8153979778289795,0.8153979778289795,0.8157699108123779,0.9850825667381287
123,0.9839391708374023,0.9951847195625305,0.9951847195625305,0.16411131620407104,0.9840949177742004,0.9840949177742004,0.9838593602180481,0.9838593602180481,0.8089511394500732,0.9139871597290039,0.9139871597290039,3.9950850009918213,0.810325562953949,0.810325562953949,0.8085172176361084,0.8085172176361084,0.8089511394500732,0.9839391708374023
124,0.9870237112045288,0.9958964586257935,0.9958964586257935,0.15094386041164398,0.9870755076408386,0.9870755076408386,0.9869704842567444,0.9869704842567444,0.8209769129753113,0.9166516065597534,0.9166516065597534,4.042099952697754,0.8215836882591248,0.8215836882591248,0.8206669688224792,0.8206669688224792,0.8209769129753113,0.9870237112045288
125,0.9780625700950623,0.9935730695724487,0.9935730695724487,0.22063864767551422,0.9781903028488159,0.9781903028488159,0.977956235408783,0.977956235408783,0.7742995023727417,0.8992308378219604,0.8992308378219604,4.097889423370361,0.7754861116409302,0.7754861116409302,0.7738035917282104,0.7738035917282104,0.7742995023727417,0.9780625700950623
126,0.9836732745170593,0.9953437447547913,0.9953437447547913,0.16147321462631226,0.9838284850120544,0.9838284850120544,0.9835668802261353,0.9835668802261353,0.8108727931976318,0.9143579602241516,0.9143579602241516,3.9320147037506104,0.8117201328277588,0.8117201328277588,0.8105628490447998,0.8105628490447998,0.8108727931976318,0.9836732745170593
127,0.9868109822273254,0.9959433078765869,0.9959433078765869,0.1446097046136856,0.986914873123169,0.986914873123169,0.9867311716079712,0.9867311716079712,0.8182494640350342,0.9155961871147156,0.9155961871147156,4.216911792755127,0.818830668926239,0.818830668926239,0.8178155422210693,0.8178155422210693,0.8182494640350342,0.9868109822273254
128,0.9879809617996216,0.995875895023346,0.995875895023346,0.1356455683708191,0.9879809617996216,0.9879809617996216,0.9879809617996216,0.9879809617996216,0.8152740001678467,0.9161490797996521,0.9161490797996521,3.903123617172241,0.8155984282493591,0.8155984282493591,0.8148400783538818,0.8148400783538818,0.8152740001678467,0.9879809617996216
129,0.9849495887756348,0.9954755902290344,0.9954755902290344,0.1620708554983139,0.985052764415741,0.985052764415741,0.9848432540893555,0.9848432540893555,0.8175675868988037,0.9157410264015198,0.9157410264015198,4.291532039642334,0.8179054260253906,0.8179054260253906,0.8171956539154053,0.8171956539154053,0.8175675868988037,0.9849495887756348
130,0.9868641495704651,0.9956936836242676,0.9956936836242676,0.14707863330841064,0.9869166612625122,0.9869166612625122,0.9868641495704651,0.9868641495704651,0.7926481366157532,0.9077565670013428,0.9077565670013428,4.126311779022217,0.793445885181427,0.793445885181427,0.792462170124054,0.792462170124054,0.7926481366157532,0.9868641495704651
131,0.9821310043334961,0.9947351813316345,0.9947351813316345,0.17582935094833374,0.9822321534156799,0.9822321534156799,0.9819448590278625,0.9819448590278625,0.8111827373504639,0.9133909344673157,0.9133909344673157,4.353168487548828,0.811991810798645,0.811991810798645,0.8109347820281982,0.8109347820281982,0.8111827373504639,0.9821310043334961
132,0.986225962638855,0.9956554770469666,0.9956554770469666,0.14685434103012085,0.9862518310546875,0.9862518310546875,0.9861993789672852,0.9861993789672852,0.8145301342010498,0.9143804311752319,0.9143804311752319,4.416361331939697,0.8153550028800964,0.8153550028800964,0.8143441677093506,0.8143441677093506,0.8145301342010498,0.986225962638855
133,0.9846836924552917,0.9953409433364868,0.9953409433364868,0.16660110652446747,0.9847356677055359,0.9847356677055359,0.9846571087837219,0.9846571087837219,0.8163278102874756,0.9125012755393982,0.9125012755393982,4.3971662521362305,0.8168227672576904,0.8168227672576904,0.8162658214569092,0.8162658214569092,0.8163278102874756,0.9846836924552917
134,0.9798707962036133,0.994234561920166,0.994234561920166,0.1907680779695511,0.9799462556838989,0.9799462556838989,0.9797378182411194,0.9797378182411194,0.8211628794670105,0.9161107540130615,0.9161107540130615,4.336315631866455,0.8217631578445435,0.8217631578445435,0.8211008906364441,0.8211008906364441,0.8211628794670105,0.9798707962036133
135,0.9861727952957153,0.9957841634750366,0.9957841634750366,0.14962813258171082,0.9862769842147827,0.9862769842147827,0.9861196279525757,0.9861196279525757,0.8240763545036316,0.9186951518058777,0.9186951518058777,4.083066940307617,0.8244852423667908,0.8244852423667908,0.8240763545036316,0.8240763545036316,0.8240763545036316,0.9861727952957153
136,0.9889382123947144,0.9964697957038879,0.9964697957038879,0.12348080426454544,0.988990843296051,0.988990843296051,0.9889382123947144,0.9889382123947144,0.8242003321647644,0.9187864065170288,0.9187864065170288,4.238402366638184,0.8246169090270996,0.8246169090270996,0.8239523768424988,0.8239523768424988,0.8242003321647644,0.9889382123947144
137,0.9833275675773621,0.9951241612434387,0.9951241612434387,0.16222813725471497,0.9834574460983276,0.9834574460983276,0.9832744002342224,0.9832744002342224,0.818373441696167,0.9126348495483398,0.9126348495483398,4.657353401184082,0.8186666369438171,0.8186666369438171,0.8183114528656006,0.8183114528656006,0.818373441696167,0.9833275675773621
138,0.9848166704177856,0.9955529570579529,0.9955529570579529,0.1600494086742401,0.9848943948745728,0.9848943948745728,0.984763503074646,0.984763503074646,0.8246962428092957,0.9154003262519836,0.9154003262519836,4.799898624420166,0.8251535892486572,0.8251535892486572,0.8243862986564636,0.8243862986564636,0.8246962428092957,0.9848166704177856
139,0.9858536720275879,0.996028482913971,0.996028482913971,0.14904777705669403,0.9859057664871216,0.9859057664871216,0.9858270883560181,0.9858270883560181,0.8118646144866943,0.9130260944366455,0.9130260944366455,4.287092208862305,0.8125154972076416,0.8125154972076416,0.8113067150115967,0.8113067150115967,0.8118646144866943,0.9858536720275879
140,0.9821841716766357,0.994586169719696,0.994586169719696,0.18660512566566467,0.9823129177093506,0.9823129177093506,0.9820777773857117,0.9820777773857117,0.80132657289505,0.9078994393348694,0.9078994393348694,4.4350409507751465,0.8021234273910522,0.8021234273910522,0.8008306622505188,0.8008306622505188,0.80132657289505,0.9821841716766357
141,0.9827159643173218,0.9949062466621399,0.9949062466621399,0.18200547993183136,0.9827155470848083,0.9827155470848083,0.982689380645752,0.982689380645752,0.7897966504096985,0.9035394787788391,0.9035394787788391,4.81898307800293,0.7906500101089478,0.7906500101089478,0.7894247174263,0.7894247174263,0.7897966504096985,0.9827159643173218
142,0.9868641495704651,0.9959805011749268,0.9959805011749268,0.13876499235630035,0.9869428873062134,0.9869428873062134,0.9868641495704651,0.9868641495704651,0.8158318996429443,0.9123532772064209,0.9123532772064209,4.56252384185791,0.8167597651481628,0.8167597651481628,0.8156459331512451,0.8156459331512451,0.8158318996429443,0.9868641495704651
143,0.9879543781280518,0.9961021542549133,0.9961021542549133,0.14085501432418823,0.988032877445221,0.988032877445221,0.9879277944564819,0.9879277944564819,0.8195512294769287,0.9167088866233826,0.9167088866233826,4.001437664031982,0.8204221129417419,0.8204221129417419,0.8193032741546631,0.8193032741546631,0.8195512294769287,0.9879543781280518
144,0.9843114018440247,0.9952784776687622,0.9952784776687622,0.16486531496047974,0.9844152927398682,0.9844152927398682,0.984258234500885,0.984258234500885,0.8106868267059326,0.9129836559295654,0.9129836559295654,4.3413825035095215,0.8112469911575317,0.8112469911575317,0.8101909160614014,0.8101909160614014,0.8106868267059326,0.9843114018440247
145,0.986997127532959,0.9959240555763245,0.9959240555763245,0.14961469173431396,0.9871014356613159,0.9871014356613159,0.9869439005851746,0.9869439005851746,0.8290974497795105,0.9191302061080933,0.9191302061080933,4.188321113586426,0.8298070430755615,0.8298070430755615,0.8290354609489441,0.8290354609489441,0.8290974497795105,0.986997127532959
146,0.9871832132339478,0.9959198236465454,0.9959198236465454,0.1539783775806427,0.987235426902771,0.987235426902771,0.9871566295623779,0.9871566295623779,0.7973592877388,0.9078107476234436,0.9078107476234436,4.646287441253662,0.7981747984886169,0.7981747984886169,0.7969873547554016,0.7969873547554016,0.7973592877388,0.9871832132339478
147,0.9840720891952515,0.9952101111412048,0.9952101111412048,0.1795789897441864,0.9840982556343079,0.9840982556343079,0.9840720891952515,0.9840720891952515,0.8250061869621277,0.9183017015457153,0.9183017015457153,4.4980669021606445,0.8255071043968201,0.8255071043968201,0.8249441981315613,0.8249441981315613,0.8250061869621277,0.9840720891952515
148,0.9811471104621887,0.9941530227661133,0.9941530227661133,0.19998733699321747,0.981249988079071,0.981249988079071,0.9810673594474792,0.9810673594474792,0.822154700756073,0.9166510701179504,0.9166510701179504,4.484251022338867,0.8224785923957825,0.8224785923957825,0.8219687342643738,0.8219687342643738,0.822154700756073,0.9811471104621887
149,0.9851357340812683,0.9955441951751709,0.9955441951751709,0.15094240009784698,0.9852139353752136,0.9852139353752136,0.9851091504096985,0.9851091504096985,0.8219687342643738,0.9155111908912659,0.9155111908912659,4.452036380767822,0.8224565982818604,0.8224565982818604,0.821844756603241,0.821844756603241,0.8219687342643738,0.9851357340812683
150,0.9886988997459412,0.9962865114212036,0.9962865114212036,0.13463474810123444,0.9887514710426331,0.9887514710426331,0.9886988997459412,0.9886988997459412,0.8250061869621277,0.917538583278656,0.917538583278656,4.65985107421875,0.825496256351471,0.825496256351471,0.8248822093009949,0.8248822093009949,0.8250061869621277,0.9886988997459412
151,0.9871034622192383,0.9960389733314514,0.9960389733314514,0.13848119974136353,0.9871024489402771,0.9871024489402771,0.9870237112045288,0.9870237112045288,0.816699743270874,0.912298858165741,0.912298858165741,4.58152961730957,0.817048192024231,0.817048192024231,0.816389799118042,0.816389799118042,0.816699743270874,0.9871034622192383
152,0.9803228378295898,0.993548572063446,0.993548572063446,0.2209072858095169,0.980427086353302,0.980427086353302,0.9803228378295898,0.9803228378295898,0.7715720534324646,0.890984833240509,0.890984833240509,5.70195198059082,0.7723491191864014,0.7723491191864014,0.7712001204490662,0.7712001204490662,0.7715720534324646,0.9803228378295898
153,0.9831148386001587,0.9949393272399902,0.9949393272399902,0.17807653546333313,0.9831928014755249,0.9831928014755249,0.9830882549285889,0.9830882549285889,0.823828399181366,0.9160867929458618,0.9160867929458618,4.53195333480835,0.82419353723526,0.82419353723526,0.8235804438591003,0.8235804438591003,0.823828399181366,0.9831148386001587
154,0.9881139397621155,0.9958468079566956,0.9958468079566956,0.14843176305294037,0.9881395697593689,0.9881395697593689,0.988060712814331,0.988060712814331,0.8215348124504089,0.9157460927963257,0.9157460927963257,4.524755477905273,0.8220223188400269,0.8220223188400269,0.8214108347892761,0.8214108347892761,0.8215348124504089,0.9881139397621155
155,0.9882202744483948,0.996065080165863,0.996065080165863,0.1442243605852127,0.9882991313934326,0.9882991313934326,0.9882202744483948,0.9882202744483948,0.8245102763175964,0.9173915386199951,0.9173915386199951,4.322445392608643,0.8250294923782349,0.8250294923782349,0.8242623209953308,0.8242623209953308,0.8245102763175964,0.9882202744483948
156,0.9888850450515747,0.995921790599823,0.995921790599823,0.14720943570137024,0.9889110326766968,0.9889110326766968,0.9888584613800049,0.9888584613800049,0.8181874752044678,0.9135435819625854,0.9135435819625854,5.1313629150390625,0.8183678388595581,0.8183678388595581,0.818063497543335,0.818063497543335,0.8181874752044678,0.9888850450515747
157,0.985694169998169,0.9955459237098694,0.9955459237098694,0.1623232513666153,0.9857990145683289,0.9857990145683289,0.985694169998169,0.985694169998169,0.8196752071380615,0.9129998683929443,0.9129998683929443,5.290512561798096,0.8199466466903687,0.8199466466903687,0.8194892406463623,0.8194892406463623,0.8196752071380615,0.985694169998169
158,0.9877416491508484,0.995875358581543,0.995875358581543,0.15569843351840973,0.9877941608428955,0.9877941608428955,0.9877416491508484,0.9877416491508484,0.8137242794036865,0.9105219841003418,0.9105219841003418,5.1041717529296875,0.8145987391471863,0.8145987391471863,0.8135383129119873,0.8135383129119873,0.8137242794036865,0.9877416491508484
159,0.9843912124633789,0.9950606822967529,0.9950606822967529,0.1700907051563263,0.9844676852226257,0.9844676852226257,0.984258234500885,0.984258234500885,0.8232704997062683,0.9150696396827698,0.9150696396827698,5.0672478675842285,0.8234929442405701,0.8234929442405701,0.8230845332145691,0.8230845332145691,0.8232704997062683,0.9843912124633789
160,0.9867311716079712,0.9957072138786316,0.9957072138786316,0.15245331823825836,0.9868088364601135,0.9868088364601135,0.9866514205932617,0.9866514205932617,0.8146541118621826,0.9119786620140076,0.9119786620140076,4.667386531829834,0.8148952126502991,0.8148952126502991,0.8145921230316162,0.8145921230316162,0.8146541118621826,0.9867311716079712
161,0.9843912124633789,0.9953711032867432,0.9953711032867432,0.1673949658870697,0.9844692945480347,0.9844692945480347,0.9843646287918091,0.9843646287918091,0.8053557872772217,0.9073017835617065,0.9073017835617065,5.250574111938477,0.8058812618255615,0.8058812618255615,0.8052318096160889,0.8052318096160889,0.8053557872772217,0.9843912124633789
162,0.9806153178215027,0.9937334060668945,0.9937334060668945,0.19764789938926697,0.9806669354438782,0.9806669354438782,0.9805887341499329,0.9805887341499329,0.8191792964935303,0.9126207828521729,0.9126207828521729,5.46787691116333,0.8195633292198181,0.8195633292198181,0.8190553188323975,0.8190553188323975,0.8191792964935303,0.9806153178215027
163,0.985029399394989,0.9949865937232971,0.9949865937232971,0.18437138199806213,0.985029399394989,0.985029399394989,0.985029399394989,0.985029399394989,0.8167617321014404,0.9113910794258118,0.9113910794258118,4.996939182281494,0.8173357248306274,0.8173357248306274,0.8165757656097412,0.8165757656097412,0.8167617321014404,0.985029399394989
164,0.9868907332420349,0.9959189295768738,0.9959189295768738,0.15289521217346191,0.9869694709777832,0.9869694709777832,0.9868907332420349,0.9868907332420349,0.8069055080413818,0.9065712094306946,0.9065712094306946,5.414257049560547,0.8073081374168396,0.8073081374168396,0.8066575527191162,0.8066575527191162,0.8069055080413818,0.9868907332420349
165,0.9875820875167847,0.9958250522613525,0.9958250522613525,0.1625009924173355,0.9875817894935608,0.9875817894935608,0.9875555038452148,0.9875555038452148,0.8174436092376709,0.9117317199707031,0.9117317199707031,5.202282428741455,0.8179054260253906,0.8179054260253906,0.8171956539154053,0.8171956539154053,0.8174436092376709,0.9875820875167847
166,0.9858270883560181,0.9952629804611206,0.9952629804611206,0.17387261986732483,0.9858525395393372,0.9858525395393372,0.9857739210128784,0.9857739210128784,0.8132283687591553,0.9099329113960266,0.9099329113960266,5.2250165939331055,0.8137832880020142,0.8137832880020142,0.8132283687591553,0.8132283687591553,0.8132283687591553,0.9858270883560181
167,0.9893370866775513,0.9961560964584351,0.9961560964584351,0.14403267204761505,0.989415168762207,0.989415168762207,0.9892573356628418,0.9892573356628418,0.8215968012809753,0.9118775129318237,0.9118775129318237,5.626501560211182,0.8218804001808167,0.8218804001808167,0.8214728236198425,0.8214728236198425,0.8215968012809753,0.9893370866775513
168,0.9857739210128784,0.995522677898407,0.995522677898407,0.1674211621284485,0.9859049916267395,0.9859049916267395,0.9857739210128784,0.9857739210128784,0.8207909464836121,0.9135118722915649,0.9135118722915649,5.009471893310547,0.8211316466331482,0.8211316466331482,0.8204190135002136,0.8204190135002136,0.8207909464836121,0.9857739210128784
169,0.9869704842567444,0.9955388903617859,0.9955388903617859,0.15698054432868958,0.9869698286056519,0.9869698286056519,0.9869173169136047,0.9869173169136047,0.8268658518791199,0.9172745943069458,0.9172745943069458,4.769848823547363,0.8273059725761414,0.8273059725761414,0.8267418742179871,0.8267418742179871,0.8268658518791199,0.9869704842567444
170,0.9866514205932617,0.9953883290290833,0.9953883290290833,0.17445622384548187,0.9867556691169739,0.9867556691169739,0.9865982532501221,0.9865982532501221,0.814406156539917,0.911440372467041,0.911440372467041,4.822190761566162,0.8148929476737976,0.8148929476737976,0.8140342235565186,0.8140342235565186,0.814406156539917,0.9866514205932617
171,0.9875023365020752,0.9958621263504028,0.9958621263504028,0.1517927199602127,0.9875279068946838,0.9875279068946838,0.9874491691589355,0.9874491691589355,0.8155219554901123,0.9149017930030823,0.9149017930030823,4.25766658782959,0.8164380192756653,0.8164380192756653,0.8152740001678467,0.8152740001678467,0.8155219554901123,0.9875023365020752
172,0.9872896075248718,0.9956742525100708,0.9956742525100708,0.16063213348388672,0.987315833568573,0.987315833568573,0.9872896075248718,0.9872896075248718,0.8123605251312256,0.9108099937438965,0.9108099937438965,4.740245342254639,0.8128800392150879,0.8128800392150879,0.8121745586395264,0.8121745586395264,0.8123605251312256,0.9872896075248718
173,0.9869704842567444,0.9957978129386902,0.9957978129386902,0.15510685741901398,0.9869698286056519,0.9869698286056519,0.9869173169136047,0.9869173169136047,0.8112447261810303,0.9102796316146851,0.9102796316146851,4.634336948394775,0.8123447299003601,0.8123447299003601,0.8109347820281982,0.8109347820281982,0.8112447261810303,0.9869704842567444
174,0.983992338180542,0.9947720170021057,0.9947720170021057,0.18556813895702362,0.9840953350067139,0.9840953350067139,0.9838860034942627,0.9838860034942627,0.812422513961792,0.9083476662635803,0.9083476662635803,5.294373512268066,0.8130661249160767,0.8130661249160767,0.8123605251312256,0.8123605251312256,0.812422513961792,0.983992338180542
175,0.9861462116241455,0.995514452457428,0.995514452457428,0.16370457410812378,0.9862507581710815,0.9862507581710815,0.9861196279525757,0.9861196279525757,0.8113687038421631,0.9088325500488281,0.9088325500488281,4.828090190887451,0.811991810798645,0.811991810798645,0.8109347820281982,0.8109347820281982,0.8113687038421631,0.9861462116241455
176,0.9858005046844482,0.9953432679176331,0.9953432679176331,0.17183388769626617,0.9858787655830383,0.9858787655830383,0.9857739210128784,0.9857739210128784,0.7657451033592224,0.8906642198562622,0.8906642198562622,5.293715953826904,0.7666853070259094,0.7666853070259094,0.7654971480369568,0.7654971480369568,0.7657451033592224,0.9858005046844482
177,0.9787007570266724,0.9935207366943359,0.9935207366943359,0.21143555641174316,0.9788818359375,0.9788818359375,0.9786475896835327,0.9786475896835327,0.8228985667228699,0.9126425981521606,0.9126425981521606,5.3051252365112305,0.8232958912849426,0.8232958912849426,0.8228365778923035,0.8228365778923035,0.8228985667228699,0.9787007570266724
178,0.9877150654792786,0.9958809018135071,0.9958809018135071,0.1622186005115509,0.9877932071685791,0.9877932071685791,0.9876618981361389,0.9876618981361389,0.8036821484565735,0.9058406352996826,0.9058406352996826,5.607407569885254,0.8038948178291321,0.8038948178291321,0.8034961819648743,0.8034961819648743,0.8036821484565735,0.9877150654792786
179,0.9861462116241455,0.995779812335968,0.995779812335968,0.15827783942222595,0.9862245321273804,0.9862245321273804,0.9861196279525757,0.9861196279525757,0.8164517879486084,0.911557137966156,0.911557137966156,5.072785377502441,0.8171889781951904,0.8171889781951904,0.8163278102874756,0.8163278102874756,0.8164517879486084,0.9861462116241455
180,0.9897093772888184,0.9961668848991394,0.9961668848991394,0.15068329870700836,0.9897356629371643,0.9897356629371643,0.9897093772888184,0.9897093772888184,0.815026044845581,0.9133388996124268,0.9133388996124268,4.57269811630249,0.815446674823761,0.815446674823761,0.8148400783538818,0.8148400783538818,0.815026044845581,0.9897093772888184
181,0.9893636703491211,0.9961273074150085,0.9961273074150085,0.13935351371765137,0.9893900156021118,0.9893900156021118,0.9893636703491211,0.9893636703491211,0.8137862682342529,0.9116575121879578,0.9116575121879578,5.081444263458252,0.8141208291053772,0.8141208291053772,0.8134143352508545,0.8134143352508545,0.8137862682342529,0.9893636703491211
182,0.9893636703491211,0.9962226748466492,0.9962226748466492,0.14169947803020477,0.9894686341285706,0.9894686341285706,0.9893370866775513,0.9893370866775513,0.8215968012809753,0.9143296480178833,0.9143296480178833,4.963834762573242,0.822226345539093,0.822226345539093,0.8214108347892761,0.8214108347892761,0.8215968012809753,0.9893636703491211
183,0.990028440952301,0.996376633644104,0.996376633644104,0.14518782496452332,0.9900282025337219,0.9900282025337219,0.9900018572807312,0.9900018572807312,0.8048598766326904,0.9093052744865417,0.9093052744865417,4.819401264190674,0.8053486943244934,0.8053486943244934,0.8045499920845032,0.8045499920845032,0.8048598766326904,0.990028440952301
184,0.9890711903572083,0.99604731798172,0.99604731798172,0.161836639046669,0.989123523235321,0.989123523235321,0.9890446066856384,0.9890446066856384,0.8079593181610107,0.9082022905349731,0.9082022905349731,5.118968486785889,0.8085251450538635,0.8085251450538635,0.8077733516693115,0.8077733516693115,0.8079593181610107,0.9890711903572083
185,0.9832744002342224,0.994271457195282,0.994271457195282,0.20236633718013763,0.9832996726036072,0.9832996726036072,0.9832212328910828,0.9832212328910828,0.818683385848999,0.9075571298599243,0.9075571298599243,6.216135025024414,0.8188019394874573,0.8188019394874573,0.8184974193572998,0.8184974193572998,0.818683385848999,0.9832744002342224
186,0.9870768785476685,0.9955059289932251,0.9955059289932251,0.17242828011512756,0.9871556162834167,0.9871556162834167,0.9870768785476685,0.9870768785476685,0.8206669688224792,0.9138486385345459,0.9138486385345459,4.852985382080078,0.8212734460830688,0.8212734460830688,0.8203570246696472,0.8203570246696472,0.8206669688224792,0.9870768785476685
187,0.9853750467300415,0.9948244094848633,0.9948244094848633,0.2208753377199173,0.9853750467300415,0.9853750467300415,0.9853750467300415,0.9853750467300415,0.8235184550285339,0.9129634499549866,0.9129634499549866,5.74040412902832,0.8236716389656067,0.8236716389656067,0.8235184550285339,0.8235184550285339,0.8235184550285339,0.9853750467300415
188,0.9809343814849854,0.9940310716629028,0.9940310716629028,0.21524418890476227,0.9809850454330444,0.9809850454330444,0.9808546304702759,0.9808546304702759,0.8008926510810852,0.9063594937324524,0.9063594937324524,5.193700313568115,0.8014642000198364,0.8014642000198364,0.8007686734199524,0.8007686734199524,0.8008926510810852,0.9809343814849854
189,0.9858005046844482,0.9951632618904114,0.9951632618904114,0.17761440575122833,0.9859046339988708,0.9859046339988708,0.9857473373413086,0.9857473373413086,0.8201711177825928,0.9125338196754456,0.9125338196754456,5.40545654296875,0.8205271363258362,0.8205271363258362,0.8201711177825928,0.8201711177825928,0.8201711177825928,0.9858005046844482
190,0.9887520670890808,0.9961717128753662,0.9961717128753662,0.14851340651512146,0.9887781143188477,0.9887781143188477,0.988725483417511,0.988725483417511,0.8125464916229248,0.9096788167953491,0.9096788167953491,5.172843933105469,0.813042938709259,0.813042938709259,0.8122365474700928,0.8122365474700928,0.8125464916229248,0.9887520670890808
191,0.9866780042648315,0.9956439733505249,0.9956439733505249,0.1643318384885788,0.9867294430732727,0.9867294430732727,0.9865982532501221,0.9865982532501221,0.8236424326896667,0.9154437780380249,0.9154437780380249,4.888508319854736,0.8241022229194641,0.8241022229194641,0.8236424326896667,0.8236424326896667,0.8236424326896667,0.9866780042648315
192,0.9886988997459412,0.9960088729858398,0.9960088729858398,0.1543593555688858,0.9887511730194092,0.9887511730194092,0.9886723160743713,0.9886723160743713,0.8242003321647644,0.9133580327033997,0.9133580327033997,5.513069152832031,0.8242807388305664,0.8242807388305664,0.8240763545036316,0.8240763545036316,0.8242003321647644,0.9886988997459412
193,0.9858270883560181,0.9952871203422546,0.9952871203422546,0.17271769046783447,0.9859574437141418,0.9859574437141418,0.9857739210128784,0.9857739210128784,0.8118646144866943,0.9076598286628723,0.9076598286628723,5.765716075897217,0.81220543384552,0.81220543384552,0.8118026256561279,0.8118026256561279,0.8118646144866943,0.9858270883560181
194,0.988060712814331,0.9955973029136658,0.9955973029136658,0.15704704821109772,0.9880601167678833,0.9880601167678833,0.9880075454711914,0.9880075454711914,0.8174436092376709,0.9130987524986267,0.9130987524986267,4.877593517303467,0.8181084990501404,0.8181084990501404,0.8171956539154053,0.8171956539154053,0.8174436092376709,0.988060712814331
195,0.9868109822273254,0.9955791234970093,0.9955791234970093,0.16278408467769623,0.986836850643158,0.986836850643158,0.9867843985557556,0.9867843985557556,0.8207909464836121,0.912327766418457,0.912327766418457,5.846726894378662,0.821277916431427,0.821277916431427,0.8206669688224792,0.8206669688224792,0.8207909464836121,0.9868109822273254
196,0.9858270883560181,0.9955415725708008,0.9955415725708008,0.16546310484409332,0.9858529567718506,0.9858529567718506,0.9858005046844482,0.9858005046844482,0.8188693523406982,0.9137614965438843,0.9137614965438843,5.179895877838135,0.8195469975471497,0.8195469975471497,0.818683385848999,0.818683385848999,0.8188693523406982,0.9858270883560181
197,0.9906400442123413,0.996582567691803,0.996582567691803,0.13775508105754852,0.990666389465332,0.990666389465332,0.9906400442123413,0.9906400442123413,0.82048100233078,0.9121895432472229,0.9121895432472229,5.733493804931641,0.8206114172935486,0.8206114172935486,0.8203570246696472,0.8203570246696472,0.82048100233078,0.9906400442123413
198,0.9823171496391296,0.9941918849945068,0.9941918849945068,0.2100476324558258,0.9823949933052063,0.9823949933052063,0.982290506362915,0.982290506362915,0.8112447261810303,0.909771203994751,0.909771203994751,5.008008003234863,0.8121159672737122,0.8121159672737122,0.811058759689331,0.811058759689331,0.8112447261810303,0.9823171496391296
199,0.9891775250434875,0.9958740472793579,0.9958740472793579,0.1566605120897293,0.9892035722732544,0.9892035722732544,0.9891509413719177,0.9891509413719177,0.8185594081878662,0.9090104699134827,0.9090104699134827,6.406930446624756,0.8186496496200562,0.8186496496200562,0.8184974193572998,0.8184974193572998,0.8185594081878662,0.9891775250434875
200,0.986491858959198,0.9951105713844299,0.9951105713844299,0.19892671704292297,0.9865180850028992,0.9865180850028992,0.986491858959198,0.986491858959198,0.8018844723701477,0.9062691926956177,0.9062691926956177,5.436715602874756,0.8023695945739746,0.8023695945739746,0.8018224835395813,0.8018224835395813,0.8018844723701477,0.986491858959198
201,0.9864652752876282,0.9956668019294739,0.9956668019294739,0.1640392243862152,0.9865173697471619,0.9865173697471619,0.9864386916160583,0.9864386916160583,0.8065955638885498,0.9071818590164185,0.9071818590164185,5.537975788116455,0.8071743249893188,0.8071743249893188,0.8062236309051514,0.8062236309051514,0.8065955638885498,0.9864652752876282
202,0.985960066318512,0.9953760504722595,0.9953760504722595,0.1636461615562439,0.9860125184059143,0.9860125184059143,0.985960066318512,0.985960066318512,0.8197991847991943,0.9120223522186279,0.9120223522186279,5.578393936157227,0.8202853798866272,0.8202853798866272,0.8196752071380615,0.8196752071380615,0.8197991847991943,0.985960066318512
203,0.9873427748680115,0.9955666065216064,0.9955666065216064,0.18071776628494263,0.9873427748680115,0.9873427748680115,0.9873427748680115,0.9873427748680115,0.8159558773040771,0.9095304608345032,0.9095304608345032,5.651963710784912,0.8163493275642395,0.8163493275642395,0.8158938884735107,0.8158938884735107,0.8159558773040771,0.9873427748680115
204,0.9855346083641052,0.9949260354042053,0.9949260354042053,0.19293212890625,0.9855608344078064,0.9855608344078064,0.9855346083641052,0.9855346083641052,0.8020704388618469,0.9056426882743835,0.9056426882743835,5.273212909698486,0.8028422594070435,0.8028422594070435,0.8019464612007141,0.8019464612007141,0.8020704388618469,0.9855346083641052
205,0.9889382123947144,0.9957461953163147,0.9957461953163147,0.1717556267976761,0.9889644980430603,0.9889644980430603,0.9889382123947144,0.9889382123947144,0.8142201900482178,0.9103296399116516,0.9103296399116516,5.15001916885376,0.8148699998855591,0.8148699998855591,0.8139102458953857,0.8139102458953857,0.8142201900482178,0.9889382123947144
206,0.9874491691589355,0.9957238435745239,0.9957238435745239,0.16805189847946167,0.9875016808509827,0.9875016808509827,0.9874491691589355,0.9874491691589355,0.7989090085029602,0.9036833047866821,0.9036833047866821,5.695064544677734,0.799156665802002,0.799156665802002,0.7989090085029602,0.7989090085029602,0.7989090085029602,0.9874491691589355
207,0.9873693585395813,0.9958542585372925,0.9958542585372925,0.16215479373931885,0.9874743819236755,0.9874743819236755,0.9873693585395813,0.9873693585395813,0.8259360194206238,0.9152423739433289,0.9152423739433289,5.440025329589844,0.8261597752571106,0.8261597752571106,0.8257500529289246,0.8257500529289246,0.8259360194206238,0.9873693585395813
208,0.9882734417915344,0.9957969188690186,0.9957969188690186,0.16686338186264038,0.9882991313934326,0.9882991313934326,0.9882202744483948,0.9882202744483948,0.8186213970184326,0.911600649356842,0.911600649356842,5.481170654296875,0.8189147114753723,0.8189147114753723,0.8185594081878662,0.8185594081878662,0.8186213970184326,0.9882734417915344
209,0.9840987324714661,0.9951308965682983,0.9951308965682983,0.17843586206436157,0.9840982556343079,0.9840982556343079,0.9840720891952515,0.9840720891952515,0.8181874752044678,0.9130584597587585,0.9130584597587585,4.921965599060059,0.8186724781990051,0.8186724781990051,0.818063497543335,0.818063497543335,0.8181874752044678,0.9840987324714661
210,0.9860930442810059,0.9952550530433655,0.9952550530433655,0.17561551928520203,0.9861443638801575,0.9861443638801575,0.9860132336616516,0.9860132336616516,0.8193652629852295,0.9130222797393799,0.9130222797393799,5.58756160736084,0.8196589350700378,0.8196589350700378,0.8193032741546631,0.8193032741546631,0.8193652629852295,0.9860930442810059
211,0.9826627969741821,0.9941729307174683,0.9941729307174683,0.22201302647590637,0.9827402830123901,0.9827402830123901,0.9826096296310425,0.9826096296310425,0.8177535533905029,0.9118098020553589,0.9118098020553589,5.074446201324463,0.8183792233467102,0.8183792233467102,0.8175675868988037,0.8175675868988037,0.8177535533905029,0.9826627969741821
212,0.9895232319831848,0.9959352612495422,0.9959352612495422,0.1658296436071396,0.9895495176315308,0.9895495176315308,0.9895232319831848,0.9895232319831848,0.8072154521942139,0.9075866937637329,0.9075866937637329,5.346534729003906,0.8074538111686707,0.8074538111686707,0.8071534633636475,0.8071534633636475,0.8072154521942139,0.9895232319831848
213,0.9864121079444885,0.995529055595398,0.995529055595398,0.17894135415554047,0.986490786075592,0.986490786075592,0.9864121079444885,0.9864121079444885,0.8147780895233154,0.9085224866867065,0.9085224866867065,6.095885753631592,0.8149181604385376,0.8149181604385376,0.814716100692749,0.814716100692749,0.8147780895233154,0.9864121079444885
214,0.9891243577003479,0.9961976408958435,0.9961976408958435,0.16013897955417633,0.9891504049301147,0.9891504049301147,0.9890977740287781,0.9890977740287781,0.8149020671844482,0.9098577499389648,0.9098577499389648,5.629517078399658,0.8156261444091797,0.8156261444091797,0.814716100692749,0.814716100692749,0.8149020671844482,0.9891243577003479
215,0.9894168376922607,0.996156632900238,0.996156632900238,0.15890327095985413,0.9894431829452515,0.9894431829452515,0.9894168376922607,0.9894168376922607,0.8191792964935303,0.9132477641105652,0.9132477641105652,5.4656782150268555,0.8194840550422668,0.8194840550422668,0.8191792964935303,0.8191792964935303,0.8191792964935303,0.9894168376922607
216,0.9895232319831848,0.99599689245224,0.99599689245224,0.16266784071922302,0.9895226955413818,0.9895226955413818,0.9894700646400452,0.9894700646400452,0.8180015087127686,0.91157066822052,0.91157066822052,5.982088565826416,0.8183340430259705,0.8183340430259705,0.8178775310516357,0.8178775310516357,0.8180015087127686,0.9895232319831848
217,0.9862791299819946,0.9952247738838196,0.9952247738838196,0.1781216561794281,0.9863570928573608,0.9863570928573608,0.986225962638855,0.986225962638855,0.8289734721183777,0.9156132340431213,0.9156132340431213,5.633182525634766,0.8291276693344116,0.8291276693344116,0.8289734721183777,0.8289734721183777,0.8289734721183777,0.9862791299819946
218,0.988060712814331,0.9958354234695435,0.9958354234695435,0.1723332703113556,0.9880604147911072,0.9880604147911072,0.9880341291427612,0.9880341291427612,0.8072774410247803,0.9064564108848572,0.9064564108848572,5.411983013153076,0.8078927993774414,0.8078927993774414,0.807091474533081,0.807091474533081,0.8072774410247803,0.988060712814331
219,0.9885925650596619,0.9959841966629028,0.9959841966629028,0.16217516362667084,0.9885919690132141,0.9885919690132141,0.9885393381118774,0.9885393381118774,0.8182494640350342,0.9119009375572205,0.9119009375572205,5.393880367279053,0.8185313940048218,0.8185313940048218,0.8181254863739014,0.8181254863739014,0.8182494640350342,0.9885925650596619
220,0.9866780042648315,0.9952986836433411,0.9952986836433411,0.18826939165592194,0.9867556691169739,0.9867556691169739,0.9865982532501221,0.9865982532501221,0.818993330001831,0.9117999076843262,0.9117999076843262,5.466670036315918,0.8192868232727051,0.8192868232727051,0.8189313411712646,0.8189313411712646,0.818993330001831,0.9866780042648315
221,0.9856143593788147,0.9949437379837036,0.9949437379837036,0.1879124641418457,0.9856402277946472,0.9856402277946472,0.9855877757072449,0.9855877757072449,0.8134763240814209,0.9062776565551758,0.9062776565551758,6.780789375305176,0.8136665225028992,0.8136665225028992,0.8134143352508545,0.8134143352508545,0.8134763240814209,0.9856143593788147
222,0.986225962638855,0.9955469965934753,0.9955469965934753,0.16157740354537964,0.9863042831420898,0.9863042831420898,0.9861993789672852,0.9861993789672852,0.8072154521942139,0.9057678580284119,0.9057678580284119,6.256597518920898,0.8072677850723267,0.8072677850723267,0.8069674968719482,0.8069674968719482,0.8072154521942139,0.986225962638855
223,0.9894700646400452,0.9960446953773499,0.9960446953773499,0.16623742878437042,0.9894960522651672,0.9894960522651672,0.9894434809684753,0.9894434809684753,0.8147780895233154,0.9113549590110779,0.9113549590110779,4.931877136230469,0.8151755928993225,0.8151755928993225,0.8144681453704834,0.8144681453704834,0.8147780895233154,0.9894700646400452
224,0.9875555038452148,0.9957972764968872,0.9957972764968872,0.16956119239330292,0.9876077175140381,0.9876077175140381,0.987528920173645,0.987528920173645,0.8204190135002136,0.9113382697105408,0.9113382697105408,6.6121368408203125,0.820662260055542,0.820662260055542,0.8203570246696472,0.8203570246696472,0.8204190135002136,0.9875555038452148
225,0.9865450859069824,0.9952505230903625,0.9952505230903625,0.1929650902748108,0.9865968227386475,0.9865968227386475,0.986491858959198,0.986491858959198,0.8164517879486084,0.9082522988319397,0.9082522988319397,6.494104862213135,0.816592276096344,0.816592276096344,0.816389799118042,0.816389799118042,0.8164517879486084,0.9865450859069824
226,0.9868641495704651,0.995650589466095,0.995650589466095,0.16712971031665802,0.9868903756141663,0.9868903756141663,0.9868641495704651,0.9868641495704651,0.8173196315765381,0.9104368090629578,0.9104368090629578,6.008063316345215,0.8177306056022644,0.8177306056022644,0.8170716762542725,0.8170716762542725,0.8173196315765381,0.9868641495704651
227,0.988193690776825,0.9956891536712646,0.9956891536712646,0.17231231927871704,0.9882725477218628,0.9882725477218628,0.988193690776825,0.988193690776825,0.8271138072013855,0.9149147272109985,0.9149147272109985,5.773500442504883,0.827216386795044,0.827216386795044,0.8271138072013855,0.8271138072013855,0.8271138072013855,0.988193690776825
228,0.9870768785476685,0.9954972267150879,0.9954972267150879,0.17456850409507751,0.9871031045913696,0.9871031045913696,0.9870768785476685,0.9870768785476685,0.7955616116523743,0.8993711471557617,0.8993711471557617,6.175144195556641,0.7964008450508118,0.7964008450508118,0.7955616116523743,0.7955616116523743,0.7955616116523743,0.9870768785476685
229,0.988459587097168,0.9958771467208862,0.9958771467208862,0.17461152374744415,0.9884858727455139,0.9884858727455139,0.988459587097168,0.988459587097168,0.8224026560783386,0.9137871265411377,0.9137871265411377,5.49429178237915,0.8227086663246155,0.8227086663246155,0.8224026560783386,0.8224026560783386,0.8224026560783386,0.988459587097168
230,0.9845773577690125,0.9946607351303101,0.9946607351303101,0.19246646761894226,0.9846035242080688,0.9846035242080688,0.9845773577690125,0.9845773577690125,0.8193652629852295,0.9116349220275879,0.9116349220275879,6.1579484939575195,0.8194444179534912,0.8194444179534912,0.8192412853240967,0.8192412853240967,0.8193652629852295,0.9845773577690125
231,0.9846039414405823,0.9947171211242676,0.9947171211242676,0.1949165165424347,0.9846035242080688,0.9846035242080688,0.9845773577690125,0.9845773577690125,0.7994669079780579,0.9042163491249084,0.9042163491249084,6.143702507019043,0.7998138666152954,0.7998138666152954,0.7992189526557922,0.7992189526557922,0.7994669079780579,0.9846039414405823
232,0.9870502948760986,0.9954806566238403,0.9954806566238403,0.1732252538204193,0.9870758652687073,0.9870758652687073,0.986997127532959,0.986997127532959,0.8131043910980225,0.9087310433387756,0.9087310433387756,5.61953067779541,0.8136013746261597,0.8136013746261597,0.8127944469451904,0.8127944469451904,0.8131043910980225,0.9870502948760986
233,0.9891509413719177,0.9957544207572937,0.9957544207572937,0.17032240331172943,0.9891509413719177,0.9891509413719177,0.9891509413719177,0.9891509413719177,0.8188073635101318,0.9075518250465393,0.9075518250465393,7.115870475769043,0.8190104365348816,0.8190104365348816,0.8188073635101318,0.8188073635101318,0.8188073635101318,0.9891509413719177
234,0.9883000254631042,0.9957101941108704,0.9957101941108704,0.17753741145133972,0.9883260130882263,0.9883260130882263,0.9882734417915344,0.9882734417915344,0.8219067454338074,0.9102189540863037,0.9102189540863037,6.401379585266113,0.8221174478530884,0.8221174478530884,0.8216587901115417,0.8216587901115417,0.8219067454338074,0.9883000254631042
235,0.9890711903572083,0.9960004687309265,0.9960004687309265,0.15554168820381165,0.9891501069068909,0.9891501069068909,0.9890711903572083,0.9890711903572083,0.8259980082511902,0.9133061170578003,0.9133061170578003,6.530128479003906,0.8259764313697815,0.8259764313697815,0.8258740305900574,0.8258740305900574,0.8259980082511902,0.9890711903572083
236,0.988565981388092,0.9958924651145935,0.9958924651145935,0.17356888949871063,0.988592267036438,0.988592267036438,0.988565981388092,0.988565981388092,0.8127944469451904,0.9081578850746155,0.9081578850746155,6.096756935119629,0.8132134079933167,0.8132134079933167,0.8126084804534912,0.8126084804534912,0.8127944469451904,0.988565981388092
237,0.9894168376922607,0.9961588382720947,0.9961588382720947,0.15598097443580627,0.9894431829452515,0.9894431829452515,0.9894168376922607,0.9894168376922607,0.810748815536499,0.9087863564491272,0.9087863564491272,5.467092037200928,0.8112786412239075,0.8112786412239075,0.8106248378753662,0.8106248378753662,0.810748815536499,0.9894168376922607
238,0.9881139397621155,0.9958589673042297,0.9958589673042297,0.1675291508436203,0.9881395697593689,0.9881395697593689,0.988060712814331,0.988060712814331,0.8139722347259521,0.9070785045623779,0.9070785045623779,7.119721412658691,0.8140226602554321,0.8140226602554321,0.8139722347259521,0.8139722347259521,0.8139722347259521,0.9881139397621155
239,0.9871034622192383,0.9952743053436279,0.9952743053436279,0.17712131142616272,0.9871811866760254,0.9871811866760254,0.9870237112045288,0.9870237112045288,0.8169476985931396,0.9098174571990967,0.9098174571990967,6.028505802154541,0.8171783089637756,0.8171783089637756,0.8168237209320068,0.8168237209320068,0.8169476985931396,0.9871034622192383
240,0.9879277944564819,0.9956176280975342,0.9956176280975342,0.18155360221862793,0.9879797101020813,0.9879797101020813,0.9878746271133423,0.9878746271133423,0.8181874752044678,0.9105539917945862,0.9105539917945862,6.381155967712402,0.8183791041374207,0.8183791041374207,0.8181254863739014,0.8181254863739014,0.8181874752044678,0.9879277944564819
241,0.987794816493988,0.9954925179481506,0.9954925179481506,0.17705826461315155,0.9877945184707642,0.9877945184707642,0.9877682328224182,0.9877682328224182,0.8199231624603271,0.9073801040649414,0.9073801040649414,7.28643274307251,0.8200756311416626,0.8200756311416626,0.8199231624603271,0.8199231624603271,0.8199231624603271,0.987794816493988
242,0.9886723160743713,0.9958351254463196,0.9958351254463196,0.16134464740753174,0.9887511730194092,0.9887511730194092,0.9886723160743713,0.9886723160743713,0.8250061869621277,0.9136146903038025,0.9136146903038025,5.65128755569458,0.8253938555717468,0.8253938555717468,0.8248822093009949,0.8248822093009949,0.8250061869621277,0.9886723160743713
243,0.9893636703491211,0.9959113597869873,0.9959113597869873,0.15900711715221405,0.9894160032272339,0.9894160032272339,0.9893370866775513,0.9893370866775513,0.8186213970184326,0.9110502004623413,0.9110502004623413,6.0412163734436035,0.8189035058021545,0.8189035058021545,0.8184974193572998,0.8184974193572998,0.8186213970184326,0.9893636703491211
244,0.988060712814331,0.995515763759613,0.995515763759613,0.19258497655391693,0.9881389141082764,0.9881389141082764,0.9880075454711914,0.9880075454711914,0.8159558773040771,0.9082162380218506,0.9082162380218506,6.279094219207764,0.8162986636161804,0.8162986636161804,0.8158938884735107,0.8158938884735107,0.8159558773040771,0.988060712814331
245,0.9886191487312317,0.9956575632095337,0.9956575632095337,0.18488311767578125,0.9886191487312317,0.9886191487312317,0.9886191487312317,0.9886191487312317,0.8124845027923584,0.9071264863014221,0.9071264863014221,6.39085054397583,0.8126007914543152,0.8126007914543152,0.8122985363006592,0.8122985363006592,0.8124845027923584,0.9886191487312317
246,0.9879543781280518,0.9954741597175598,0.9954741597175598,0.1824553906917572,0.9879806637763977,0.9879806637763977,0.9879543781280518,0.9879543781280518,0.8119266033172607,0.9071568846702576,0.9071568846702576,6.103002071380615,0.8122828602790833,0.8122828602790833,0.8116786479949951,0.8116786479949951,0.8119266033172607,0.9879543781280518
247,0.988459587097168,0.995867133140564,0.995867133140564,0.1608719527721405,0.9885121583938599,0.9885121583938599,0.988459587097168,0.988459587097168,0.8227126002311707,0.911761462688446,0.911761462688446,6.179072380065918,0.8232630491256714,0.8232630491256714,0.8226506114006042,0.8226506114006042,0.8227126002311707,0.988459587097168
248,0.9889382123947144,0.9959781765937805,0.9959781765937805,0.16336753964424133,0.9889379143714905,0.9889379143714905,0.9889116287231445,0.9889116287231445,0.8100669384002686,0.908987820148468,0.908987820148468,5.426651477813721,0.8105191588401794,0.8105191588401794,0.8100669384002686,0.8100669384002686,0.8100669384002686,0.9889382123947144
249,0.9888584613800049,0.9959527850151062,0.9959527850151062,0.16289176046848297,0.988858163356781,0.988858163356781,0.9888318777084351,0.9888318777084351,0.8226506114006042,0.9131684303283691,0.9131684303283691,5.854853630065918,0.8230587840080261,0.8230587840080261,0.8226506114006042,0.8226506114006042,0.8226506114006042,0.9888584613800049
